{
  "latestNews": [
    {
      "id": 1,
      "title": "Nose picking ban for Manila police",
      "description": "A new directive tells police in Manila not to pick their noses whilst on duty"
    },
    {
      "id": 2,
      "title": "Australian police find gun in biker's bottom",
      "description": "Police in Australia find a loaded hangun wedged in the behind of a gang linked motorcyclist"
    },
    {
      "id": 3,
      "title": "Town's giant dog dropping goes missing",
      "description": "Local police on the trail of a missing inflatable dog mess"
    },
    {
      "id": 4,
      "title": "Austrian man wins right to be called Zebra",
      "description": "An Austrian man has won a court case enabling him to change his family name back to 'Zebra'"
    }
  ]
}
